<edmx:Edmx xmlns:edmx="http://docs.oasis-open.org/odata/ns/edmx" Version="4.0">
	<edmx:Reference Uri="http://docs.oasis-open.org/odata/odata-data-aggregation-ext/v4.0/cs02/vocabularies/Org.OData.Aggregation.V1.xml">
		<edmx:Include Alias="Aggregation" Namespace="Org.OData.Aggregation.V1"/>
	</edmx:Reference>
	<edmx:Reference Uri="http://docs.oasis-open.org/odata/odata/v4.0/errata03/os/complete/vocabularies/Org.OData.Capabilities.V1.xml">
		<edmx:Include Alias="Capabilities" Namespace="Org.OData.Capabilities.V1"/>
	</edmx:Reference>
	<edmx:Reference Uri="https://wiki.scn.sap.com/wiki/download/attachments/448470974/Common.xml?api=v2">
		<edmx:Include Alias="Common" Namespace="com.sap.vocabularies.Common.v1"/>
	</edmx:Reference>
	<edmx:Reference Uri="https://wiki.scn.sap.com/wiki/download/attachments/448470971/Communication.xml?api=v2">
		<edmx:Include Alias="vCard" Namespace="com.sap.vocabularies.Communication.v1"/>
	</edmx:Reference>
	<edmx:Reference Uri="http://docs.oasis-open.org/odata/odata/v4.0/errata03/os/complete/vocabularies/Org.OData.Core.V1.xml">
		<edmx:Include Alias="Core" Namespace="Org.OData.Core.V1"/>
	</edmx:Reference>
	<edmx:Reference Uri="http://docs.oasis-open.org/odata/odata/v4.0/errata03/os/complete/vocabularies/Org.OData.Measures.V1.xml">
		<edmx:Include Alias="CQP" Namespace="Org.OData.Measures.V1"/>
	</edmx:Reference>
	<edmx:Reference Uri="https://wiki.scn.sap.com/wiki/download/attachments/448470968/UI.xml?api=v2">
		<edmx:Include Alias="UI" Namespace="com.sap.vocabularies.UI.v1"/>
	</edmx:Reference>
	<edmx:DataServices>
		<Schema xmlns="http://docs.oasis-open.org/odata/ns/edm">
			<Annotations Target="jetCloud.apps.zjblessons.jblesson02.v01.01.zjblessons_base_GroupsType">
				<Annotation Term="UI.SelectionFields">
					<Collection>
						<PropertyPath>CreatedBy</PropertyPath>
						<PropertyPath>GroupText</PropertyPath>
						<PropertyPath>GroupDescription</PropertyPath>
					</Collection>
				</Annotation>
				<Annotation Term="UI.LineItem">
					<Collection>
						<Record Type="UI.DataField">
							<PropertyValue Property="Value" Path="Version"/>
						</Record>
						<Record Type="UI.DataField">
							<PropertyValue Property="Value" Path="GroupID"/>
						</Record>
						<Record Type="UI.DataField">
							<PropertyValue Property="Value" Path="Language"/>
						</Record>
						<Record Type="UI.DataField">
							<PropertyValue Property="Value" Path="GroupText"/>
						</Record>
						<Record Type="UI.DataField">
							<PropertyValue Property="Value" Path="GroupDescription"/>
						</Record>
						<Record Type="UI.DataField">
							<PropertyValue Property="Value" Path="Created"/>
						</Record>
						<Record Type="UI.DataField">
							<PropertyValue Property="Value" Path="CreatedBy"/>
						</Record>
						<Record Type="UI.DataField">
							<PropertyValue Property="Value" Path="CreatedByFullName"/>
						</Record>
						<Record Type="UI.DataField">
							<PropertyValue Property="Value" Path="CreatedByAvatar"/>
						</Record>
						<Record Type="UI.DataField">
							<PropertyValue Property="Value" Path="Modified"/>
						</Record>
						<Record Type="UI.DataField">
							<PropertyValue Property="Value" Path="ModifiedBy"/>
						</Record>
						<Record Type="UI.DataField">
							<PropertyValue Property="Value" Path="ModifiedBy"/>
						</Record>
						<Record Type="UI.DataField">
							<PropertyValue Property="Value" Path="ModifiedByFullName"/>
						</Record>
						<Record Type="UI.DataField">
							<PropertyValue Property="Value" Path="ModifiedByAvatar"/>
						</Record>
						<Record Type="UI.DataField">
							<PropertyValue Property="Value" Path="IntegrationID"/>
						</Record>
					</Collection>
				</Annotation>
			</Annotations>
		</Schema>
	</edmx:DataServices>
</edmx:Edmx>